id,ime,priimek,rojstni_datum,email,telefon,uporabnisko_ime,geslo
1,Tallie,Sellens,23/2/2001,tsellens0@vinaora.com,401-233-7287,tsellens0,kBczjs4qEG
2,Lou,Gilffilland,8/8/1994,lgilffilland1@1688.com,552-719-3438,lgilffilland1,MAJGF9363gB
3,Smitty,Thornhill,14/5/1985,sthornhill2@examiner.com,791-656-6609,sthornhill2,rEfvs8JUG
4,Lissie,Bartoszinski,2/3/1991,lbartoszinski3@1und1.de,236-835-9769,lbartoszinski3,6r83tl72Q1i
5,Den,Blunt,21/7/1982,dblunt4@samsung.com,465-427-0181,dblunt4,9MWogW5
6,Garek,Dripp,11/6/1993,gdripp5@unblog.fr,179-511-5205,gdripp5,RsUDBnzqc75
7,Viki,Hawkwood,3/8/1986,vhawkwood6@wikipedia.org,717-148-1428,vhawkwood6,DEkg9H
8,Coleman,Mulcahy,4/10/1983,cmulcahy7@skyrock.com,734-934-0183,cmulcahy7,CTS1Wd
9,Rebekkah,Hinnerk,24/9/1988,rhinnerk8@house.gov,966-959-1023,rhinnerk8,cgfqAIPz40T
10,Berny,Bowton,29/9/1983,bbowton9@people.com.cn,746-304-7733,bbowton9,JnfSVEK
