id,ime,priimek,rojstni_datum,email,telefon,uporabnisko_ime,geslo
1,Alix,Farrants,6/6/1980,afarrants0@angelfire.com,617-726-2093,afarrants0,zr97an
2,Julio,Lemar,8/9/1982,jlemar1@weebly.com,244-561-6093,jlemar1,SjwKdorwH
3,Bail,Furtado,15/11/1991,bfurtado2@privacy.gov.au,377-862-4402,bfurtado2,lok7dJt9
4,Clywd,Munkley,7/8/1994,cmunkley3@java.com,679-757-4331,cmunkley3,8khNY5NPHyP
5,Kitti,Douty,4/6/1985,kdouty4@dailymotion.com,325-984-2322,kdouty4,4CG0ES2cVkI
6,Piggy,Poat,17/10/1999,ppoat5@princeton.edu,837-165-5719,ppoat5,8fS4VDk
7,Ellswerth,Noblett,19/11/1997,enoblett6@theguardian.com,254-699-2680,enoblett6,oz4rrC89XB
8,Ollie,Gowry,14/8/1980,ogowry7@altervista.org,818-436-1399,ogowry7,7FFcfM8c1ke
9,Delores,Wipfler,23/2/1997,dwipfler8@wufoo.com,860-504-0944,dwipfler8,QK5OMrQpbszX
10,Cherri,Gerrill,17/11/1989,cgerrill9@dyndns.org,903-782-4430,cgerrill9,oHnysyGyJx
11,Egor,Wellard,21/11/1999,ewellarda@wordpress.org,177-340-9605,ewellarda,CMns8vsY
12,Kingston,Freckingham,30/10/2002,kfreckinghamb@networkadvertising.org,791-665-9339,kfreckinghamb,iIeGnPm
13,Allie,Le Floch,26/9/2002,aleflochc@latimes.com,777-770-5056,aleflochc,SOH2zCYX8AOJ
14,Camella,Sendley,18/4/1981,csendleyd@shutterfly.com,425-218-5310,csendleyd,hgQNJm6NAy2I
15,Jacob,Coch,14/9/1990,jcoche@acquirethisname.com,795-817-9407,jcoche,ECQY4s2p
16,Philippine,Kohlert,4/12/1984,pkohlertf@cbsnews.com,506-309-6201,pkohlertf,DVlLz3LLc
17,Heath,Titterrell,23/11/1984,htitterrellg@artisteer.com,220-252-2770,htitterrellg,D8ok0Bo
18,Albrecht,Mattevi,26/9/2003,amattevih@simplemachines.org,900-476-5031,amattevih,7pwYrjk
19,Roxana,Issitt,19/4/1988,rissitti@patch.com,736-451-5778,rissitti,LCf94xEJ
20,Nesta,Scatchar,14/5/1984,nscatcharj@myspace.com,470-922-6324,nscatcharj,k6AltO
